,upper temp,upper mole ,lower temp,lower mole,inverse function temp,inverse function mole,inverse function error,best temp,best mole ,best_error
0,100.0,0.01,1000.0,0.1,1113.4716576708938,0.048595290734803925,0.3297352513460876,959.2237311881021,0.030278873509905282,0.09975788783151365
